"GenusSpp","genus","order","class"
"Achnanthdium sp.","Achnanthdium","Achnanthales","Bacillariophyceae"
"Actinastrum gracillimum","Actinastrum","Chlorellales","Trebouxiophyceae"
"Actinastrum hantzschii","Actinastrum","Chlorellales","Trebouxiophyceae"
"Acutodesmus acuminatus","Tetradesmus","Sphaeropleales","Chlorophyceae"
"Acutodesmus dimorphus","Tetradesmus","Sphaeropleales","Chlorophyceae"
"Acutodesmus obliquus","Tetradesmus","Sphaeropleales","Chlorophyceae"
"Acutodesmus pectinatus","Acutodesmus","Sphaeropleales","Chlorophyceae"
"Amphiprora sp.","Amphiprora","Naviculales","Bacillariophyceae"
"Amphora sp.","Amphora","Thalassiophysales","Bacillariophyceae"
"Anabaena cf. crassa","Dolichospermum","Cyanobacteriales","Cyanobacteriia"
"Anabaena flos-aquae",NA,"Cyanobacteriales","Cyanobacteriia"
"Anabaena lemmermannii","Dolichospermum","Cyanobacteriales","Cyanobacteriia"
"Anabaena mendotae","Dolichospermum","Cyanobacteriales","Cyanobacteriia"
"Anabaena cf. mendotae","Dolichospermum","Cyanobacteriales","Cyanobacteriia"
"Anabaena sp.","Anabaena","Cyanobacteriales","Cyanobacteriia"
"Anabaena spiroides","Anabaena","Cyanobacteriales","Cyanobacteriia"
"Aphanizomenon cf. flos-aquae","Aphanizomenon","Cyanobacteriales","Cyanobacteriia"
"Aphanizomenon cf. klebahnii","Aphanizomenon","Cyanobacteriales","Cyanobacteriia"
"Aphanizomenon flos-aquae","Aphanizomenon","Cyanobacteriales","Cyanobacteriia"
"Aphanizomenon flos-aquae/klebahnii","Aphanizomenon","Cyanobacteriales","Cyanobacteriia"
"Aphanizomenon flosaquae","Aphanizomenon","Cyanobacteriales","Cyanobacteriia"
"Aphanizomenon issatschenkoi","Cuspidothrix","Cyanobacteriales","Cyanobacteriia"
"Aphanizomenon klebahnii","Aphanizomenon","Cyanobacteriales","Cyanobacteriia"
"Aphanizomenon sp.","Aphanizomenon","Cyanobacteriales","Cyanobacteriia"
"Aphanocapsa","Aphanocapsa","Synechococcales","Cyanobacteriia"
"Aphanocapsa conferta","Aphanocapsa","Synechococcales","Cyanobacteriia"
"Aphanocapsa delicatissima ","Aphanocapsa","Synechococcales","Cyanobacteriia"
"Aphanocapsa delicatissima","Aphanocapsa","Synechococcales","Cyanobacteriia"
"Aphanocapsa elegans","Aphanocapsa","Synechococcales","Cyanobacteriia"
"Aphanocapsa holsatica","Aphanocapsa","Synechococcales","Cyanobacteriia"
"Aphanocapsa incerta","Aphanocapsa","Synechococcales","Cyanobacteriia"
"Aphanocapsa planctonica","Aphanocapsa","Synechococcales","Cyanobacteriia"
"Aphanocapsa sp.","Aphanocapsa","Synechococcales","Cyanobacteriia"
"Aphanothece","Aphanothece","Cyanobacteriales","Cyanobacteriia"
"Aphanothece sp.","Aphanothece","Cyanobacteriales","Cyanobacteriia"
"Asterionella formosa","Asterionella","Fragilariales","Bacillariophyceae"
"Asterionella sp.","Asterionella","Fragilariales","Bacillariophyceae"
"Aulacoseira","Aulacoseira","Aulacoseirales","Bacillariophyceae"
"Aulacoseira ambigua","Aulacoseira","Aulacoseirales","Bacillariophyceae"
"Aulacoseira distans","Aulacoseira","Aulacoseirales","Bacillariophyceae"
"Aulacoseira granulata v. angustissima","Aulacoseira","Aulacoseirales","Bacillariophyceae"
"Aulacoseira granulata","Aulacoseira","Aulacoseirales","Bacillariophyceae"
"Aulacoseira cf. italica","Aulacoseira","Aulacoseirales","Bacillariophyceae"
"Aulacoseira sp. #1","Aulacoseira","Aulacoseirales","Bacillariophyceae"
"Aulacoseira sp.","Aulacoseira","Aulacoseirales","Bacillariophyceae"
"Aulacoseira sp. #2","Aulacoseira","Aulacoseirales","Bacillariophyceae"
"Aulacoseira sp. 1","Aulacoseira","Aulacoseirales","Bacillariophyceae"
"Aulacoseira sp. 2","Aulacoseira","Aulacoseirales","Bacillariophyceae"
"Aulacoseira pusilla","Melosira","Melosirales","Bacillariophyceae"
"Botryococcus braunii","Botryococcus","Trebouxiales","Trebouxiophyceae"
"Cryptomonas reflexa","Cryptomonas","Cryptomonadales","Cryptophyceae"
"centric diatom sp.",NA,"unid","Dinophyceae"
"Ceratium hirundinella","Ceratium","Gonyaulacales","Dinophyceae"
"Ceratium sp.","Ceratium","Gonyaulacales","Dinophyceae"
"Chlamydomonas","Chlamydomonas","Volvocales","Chlorophyceae"
"Chlamydomonas sp.","Chlamydomonas","Volvocales","Chlorophyceae"
"chlorophyte colony sp.",NA,"unid","Chlorophyceae"
"chlorophyte unicell sp.",NA,"unid","Chlorophyceae"
"chlorophyte cell pair spp.",NA,"unid","Chlorophyceae"
"chlorophyte unicell, oval  2.5-5um spp.",NA,"unid","Chlorophyceae"
"chlorophyte sp.",NA,"unid","Chlorophyceae"
"chlorophyte unicell, oval  5-7.5um spp",NA,"unid","Chlorophyceae"
"chlorophyte flagellate sp.",NA,"unid","Chlorophyceae"
"chlorophyte unicell, sphere  5-7.5um spp.",NA,"unid","Chlorophyceae"
"chlorophyte unicell, sphere  5-7.5um spp",NA,"unid","Chlorophyceae"
"chlorophyte tetrad spp.",NA,"unid","Chlorophyceae"
"chlorophyte cell pair, sphere spp.",NA,"unid","Chlorophyceae"
"chlorophyte unicell, oval  5-7.5um spp.",NA,"unid","Chlorophyceae"
"chlorophyte unicell, sphere  2.5-5um spp.",NA,"unid","Chlorophyceae"
"chlorophyte cell pair, oval spp.",NA,"unid","Chlorophyceae"
"chlorophyte unicell, oval 2.5-5um spp.",NA,"unid","Chlorophyceae"
"chlorophyte unicell, oval 5-7.5um spp.",NA,"unid","Chlorophyceae"
"Chlorogonium elongatum","Clara","Asparagales","Liliopsida"
"Chromulina sp.","Chromulina","Ochromonadales","Chrysophyceae"
"Chroococcus","Chroococcus","Cyanobacteriales","Cyanobacteriia"
"Chroococcus dispersus ","Chroococcus","Cyanobacteriales","Cyanobacteriia"
"Chroococcus dispersus","Chroococcus","Cyanobacteriales","Cyanobacteriia"
"Chroococcus limneticus","Limnococcus","Cyanobacteriales","Cyanobacteriia"
"Chroococcus microscopicus","Eucapsis","Synechococcales","Cyanobacteriia"
"Chroococcus minutus","Chroococcus","Cyanobacteriales","Cyanobacteriia"
"Chroococcus sp.","Chroococcus","Cyanobacteriales","Cyanobacteriia"
"Chroococcus turgidus","Chroococcus","Cyanobacteriales","Cyanobacteriia"
"Chroomonas nordstedtii","Chroomonas","Pyrenomonadales","Cryptophyceae"
"Chroomonas nordstedtii ","Chroomonas","Pyrenomonadales","Cryptophyceae"
"Chroomonas/Rhodomonas sp.","Chroomonas","Pyrenomonadales","Cryptophyceae"
"Chrysochromulina cf. parva","Chrysochromulina","Prymnesiales","Prymnesiophyceae"
"Chrysochromulina parva","Chrysochromulina","Prymnesiales","Prymnesiophyceae"
"Chrysochromulina sp.","Chrysochromulina","Prymnesiales","Prymnesiophyceae"
"Chrysococcus sp.","Chrysococcus","Chromulinales","Chrysophyceae"
"chrysophyte flagellate sp.",NA,"unid","Chrysophyceae"
"chrysophyte colony sp.",NA,"unid","Chrysophyceae"
"Closteriopsis acicularis","Closteriopsis","Chlorellales","Trebouxiophyceae"
"Closteriiopsis longissima","Closteriopsis","Chlorellales","Trebouxiophyceae"
"Closterium","Closterium","Zygnematales","Zygnematophyceae"
"Closterium aciculare","Closterium","Zygnematales","Zygnematophyceae"
"Closterium acutum v. linea","Closterium","Zygnematales","Zygnematophyceae"
"Closterium acutum v. variabile","Closterium","Zygnematales","Zygnematophyceae"
"Closterium sp.","Closterium","Zygnematales","Zygnematophyceae"
"Cocconeis","Cocconeis","Achnanthales","Bacillariophyceae"
"Cocconeis sp.","Cocconeis","Achnanthales","Bacillariophyceae"
"Coelastrum astroideum","Coelastrum","Sphaeropleales","Chlorophyceae"
"Coelastrum microporum","Coelastrum","Sphaeropleales","Chlorophyceae"
"Coelastrum sp.","Coelastrum","Sphaeropleales","Chlorophyceae"
"Coelastrum sphaericum","Coelastrum","Sphaeropleales","Chlorophyceae"
"Coelomoron/Snowella sp.","Coelomoron","Synechococcales","Cyanobacteriia"
"Coelosphaerium subarcticum","Coelosphaerium","Synechococcales","Cyanobacteriia"
"Coelosphaerium sp.","Coelosphaerium","Synechococcales","Cyanobacteriia"
"Coelosphaerium kuetzingianum","Coelosphaerium","Synechococcales","Cyanobacteriia"
"Coenochloris fottii","Coenochloris","Sphaeropleales","Chlorophyceae"
"Coenococcus planctonicus","Coenococcus","Sphaeropleales","Chlorophyceae"
"cf. Coenocystis sp.","Coenocystis","Sphaeropleales","Chlorophyceae"
"Colonial greens",NA,"unid","unid"
"Coronastrum ellipsoideum","Coronastrum","Chlorellales","Trebouxiophyceae"
"Cosmarium","Cosmarium","Zygnematales","Zygnematophyceae"
"Cosmarium sp.","Cosmarium","Zygnematales","Zygnematophyceae"
"Crucigenia fenestrata","Crucigenia","unid","Trebouxiophyceae"
"Crucigenia quadrata","Crucigenia","unid","Trebouxiophyceae"
"Crucigenia sp.","Crucigenia","unid","Trebouxiophyceae"
"Crucigenia tetrapedia","Crucigenia","unid","Trebouxiophyceae"
"Crucigenia truncata ","Willea","Sphaeropleales","Chlorophyceae"
"Crucigeniella crucifera","Willea","Sphaeropleales","Chlorophyceae"
"Crucigeniella pulchra","Willea","Sphaeropleales","Chlorophyceae"
"Crucigeniella rectangularis","Willea","Sphaeropleales","Chlorophyceae"
"Crucigeniella sp.","Crucigenia","unid","Trebouxiophyceae"
"Cryptomonas","Cryptomonas","Cryptomonadales","Cryptophyceae"
"Cryptomonas curvata","Cryptomonas","Cryptomonadales","Cryptophyceae"
"Cryptomonas cf. erosa","Cryptomonas","Cryptomonadales","Cryptophyceae"
"Cryptomonas erosa","Cryptomonas","Cryptomonadales","Cryptophyceae"
"Cryptomonas marssonii","Cryptomonas","Cryptomonadales","Cryptophyceae"
"Cryptomonas ovata  ","Cryptomonas","Cryptomonadales","Cryptophyceae"
"Cryptomonas cf. ovata","Cryptomonas","Cryptomonadales","Cryptophyceae"
"Cryptomonas ovata","Cryptomonas","Cryptomonadales","Cryptophyceae"
"Cryptomonas parapyrenoidifera","Cryptomonas","Cryptomonadales","Cryptophyceae"
"Cryptomonas phaseolus","Cryptomonas","Cryptomonadales","Cryptophyceae"
"Cryptomonas pyrenoidifera","Cryptomonas","Cryptomonadales","Cryptophyceae"
"Cryptomonas sp.","Cryptomonas","Cryptomonadales","Cryptophyceae"
"Cryptomonas brevis","Cryptomonas","Cryptomonadales","Cryptophyceae"
"Cryptomonas tetrapyrenoidosa","Cryptomonas","Cryptomonadales","Cryptophyceae"
"cryptophyte sp.",NA,"unid","Cryptophyceae"
"Cuspidothrix issatschenkoi","Cuspidothrix","Cyanobacteriales","Cyanobacteriia"
"Cyanocatena planctonica","Cyanocatena","Synechococcales","Cyanobacteriia"
"Cyanocatena sp.","Cyanocatena","Synechococcales","Cyanobacteriia"
"Cyanodictyon imperfectum","Cyanocatena","Synechococcales","Cyanobacteriia"
"Cyanodictyon sp.","Cyanodictyon","Synechococcales","Cyanobacteriia"
"Cyanogranis ferruginea","Cyanogranis","Synechococcales","Cyanobacteriia"
"Cyanophyte colony",NA,"unid","Cyanophyceae"
"cyanophyte colony sp.",NA,"unid","Cyanophyceae"
"cyanophyte cell pair spp.",NA,"unid","Cyanophyceae"
"cyanophyte filament sp.",NA,"unid","Cyanophyceae"
"cyanophyte unicell, oval/rod  2.5-5um spp.",NA,"unid","Cyanophyceae"
"cyanophyte unicell, sphere  2.5-5um spp.",NA,"unid","Cyanophyceae"
"cyanophyte unicelll, oval/rod  2.5-5um spp.",NA,"unid","Cyanophyceae"
"cyanophyte cell pair, oval/rod spp.",NA,"unid","Cyanophyceae"
"cyanophyte tetrad spp.",NA,"unid","Cyanophyceae"
"Cyclotella","Cyclotella","Thalassiosirales","Bacillariophyceae"
"Cyclotella sp.","Cyclotella","Thalassiosirales","Bacillariophyceae"
"Cymbella/Encyonema sp.","Cymbella","Cymbellales","Bacillariophyceae"
"Cymbella sp.","Cymbella","Cymbellales","Bacillariophyceae"
"Dactylococcopsis irregularis","Dactylococcopsis","Cyanobacteriales","Cyanobacteriia"
"Desmodesmus","Desmodesmus","Sphaeropleales","Chlorophyceae"
"Desmodesmus abundans","Desmodesmus","Sphaeropleales","Chlorophyceae"
"Desmodesmus armatus","Desmodesmus","Sphaeropleales","Chlorophyceae"
"Desmodesmus armatus var. bicaudatus","Desmodesmus","Sphaeropleales","Chlorophyceae"
"Desmodesmus cf. bicaudatus","Desmodesmus","Sphaeropleales","Chlorophyceae"
"Desmodesmus brasiliensis","Desmodesmus","Sphaeropleales","Chlorophyceae"
"Desmodesmus communis","Desmodesmus","Sphaeropleales","Chlorophyceae"
"Desmodesmus costato-granulatus","Desmodesmus","Sphaeropleales","Chlorophyceae"
"Desmodesmus denticulatus","Desmodesmus","Sphaeropleales","Chlorophyceae"
"Desmodesmus intermedius","Desmodesmus","Sphaeropleales","Chlorophyceae"
"Desmodesmus cf. intermedius","Desmodesmus","Sphaeropleales","Chlorophyceae"
"Desmodesmus opoliensis","Desmodesmus","Sphaeropleales","Chlorophyceae"
"Desmodesmus quadricauda","Scenedesmus","Sphaeropleales","Chlorophyceae"
"Desmodesmus sempervirens","Desmodesmus","Sphaeropleales","Chlorophyceae"
"Desmodesmus serratus","Desmodesmus","Sphaeropleales","Chlorophyceae"
"Desmodesmus subspicatus","Desmodesmus","Sphaeropleales","Chlorophyceae"
"Desmodesmus smithii","Desmodesmus","Sphaeropleales","Chlorophyceae"
"Desmodesmus spp.","Desmodesmus","Sphaeropleales","Chlorophyceae"
"Desmodesmus spp","Desmodesmus","Sphaeropleales","Chlorophyceae"
"Desmodesmus sp.","Desmodesmus","Sphaeropleales","Chlorophyceae"
"Dichotomococcus curvatus","Dichotomococcus","Trebouxiales","Trebouxiophyceae"
"Dichotomococcus sp.","Dichotomococcus","Trebouxiales","Trebouxiophyceae"
"Dictyosphaerium sp.","Dictyosphaerium","Chlorellales","Trebouxiophyceae"
"Dictyosphaerium ehrenbergianum","Dictyosphaerium","Chlorellales","Trebouxiophyceae"
"Dictyosphaerium Ehrenbergianum","Dictyosphaerium","Chlorellales","Trebouxiophyceae"
"Dictyosphaerium pulchellum ","Mucidosphaerium","Chlorellales","Trebouxiophyceae"
"Dictyosphaerium pulchellum","Mucidosphaerium","Chlorellales","Trebouxiophyceae"
"Dictytosphaerium sp.","Dictytospaerium","Chlorellales","Trebouxiophyceae"
"Didymocystis fina","Didymocystis","Oocystales","Trebouxiophyceae"
"Didymocystis sp.",NA,"Chlorellales","Trebouxiophyceae"
"Dinobryon sp.","Dinobryon","Chromulinales","Chrysophyceae"
"dinoflagellate sp.",NA,"unid","Dinophyceae"
"Dolichospermum","Dolichospermum","Cyanobacteriales","Cyanobacteriia"
"Dolichospermum sp.","Dolichospermum","Cyanobacteriales","Cyanobacteriia"
"Dolichospermum/Microcystis spp. (unicell)","Dolichospermum","Cyanobacteriales","Cyanobacteriia"
"Dolichospermum/Microcystis spp. (cell pair)","Dolichospermum","Cyanobacteriales","Cyanobacteriia"
"Dolichospermum circinalis","Dolichospermum","Cyanobacteriales","Cyanobacteriia"
"Dolichospermum circinale","Dolichospermum","Cyanobacteriales","Cyanobacteriia"
"Dolichospermum crassum","Dolichospermum","Cyanobacteriales","Cyanobacteriia"
"Dolichospermum flos-aquae","Dolichospermum","Cyanobacteriales","Cyanobacteriia"
"Dolichospermum flosaquae","Dolichospermum","Cyanobacteriales","Cyanobacteriia"
"Dolichospermum cf. mendotae","Dolichospermum","Cyanobacteriales","Cyanobacteriia"
"Dolichospermum mendotae/sigmoideum","Dolichospermum","Cyanobacteriales","Cyanobacteriia"
"Dolichospermum mendotae","Dolichospermum","Cyanobacteriales","Cyanobacteriia"
"Dolichospermum spiroides","Dolichospermum","Cyanobacteriales","Cyanobacteriia"
"Elakatothrix genevensis","Elakatothrix","Klebsormidiales","Klebsormidiophyceae"
"Epithemia sp.","Epithemia","Rhopalodiales","Bacillariophyceae"
"Eudorina elegans","Eudorina","Volvocales","Chlorophyceae"
"Euglena","Euglena","Euglenida","Euglenoidea"
"Euglena sp.","Euglena","Euglenida","Euglenoidea"
"euglenophyte sp.",NA,"unid","Euglenophyceae"
"Fragilaria","Fragilaria","Fragilariales","Bacillariophyceae"
"Fragilaria capucina","Fragilaria","Fragilariales","Bacillariophyceae"
"Fragilaria sp.","Fragilaria","Fragilariales","Bacillariophyceae"
"Fusola viridis","Fusola","Chlamydomonadales","Chlorophyceae"
"Glenodinium","Glenodinium","Peridiniales","Dinophyceae"
"Glenodinium sp.","Glenodinium","Peridiniales","Dinophyceae"
"Gloeocystis planctonica","Chlamydocapsa","Tetrasporales","Chlorophyceae"
"Gloeocystis sp.","Gloeocystis","Sphaeropleales","Chlorophyceae"
"Golenkinia radiata ","Golenkinia","Sphaeropleales","Chlorophyceae"
"Gomphonema acuminatum","Gomphonema","Cymbellales","Bacillariophyceae"
"Gomphonema/Gomphoneis sp.","Gomphonema","Cymbellales","Bacillariophyceae"
"Gomphonema sp.","Gomphonema","Cymbellales","Bacillariophyceae"
"Goniochloris sculpta","Goniochloris","Mischococcales","Xanthophyceae"
"Goniochloris contorta","Goniochloris","Mischococcales","Xanthophyceae"
"Goniochloris mutica","Goniochloris","Mischococcales","Xanthophyceae"
"Goniochloris sp.","Goniochloris","Mischococcales","Xanthophyceae"
"Green flagellate",NA,"unid","unid"
"cf. Gymnodinium sp.","Gymnodinium","Gymnodiniales","Dinophyceae"
"Gymnodinium sp.","Gymnodinium","Gymnodiniales","Dinophyceae"
"Gyrosigma sp.","Gyrosigma","Naviculales","Bacillariophyceae"
"Hariotina reticulata","Hariotina","Sphaeropleales","Chlorophyceae"
"Hindakia tetrachotoma","Hindakia","Chlorellales","Trebouxiophyceae"
"Kateblepharis ovalis","Kateblepharis","Katablepharida","Katablepharidea"
"Kephyrion","Kephyrion","Chromulinales","Chrysophyceae"
"Kephyrion spp.","Kephyrion","Chromulinales","Chrysophyceae"
"Kephyrion/Pseudokephyrion sp.","Kephyrion","Chromulinales","Chrysophyceae"
"Kephyrion sp.","Kephyrion","Chromulinales","Chrysophyceae"
"Kirchneriella contorta","Raphidocelis","Sphaeropleales","Chlorophyceae"
"Kirchneriella irregularis","Kirchneriella","Sphaeropleales","Chlorophyceae"
"Kirchneriella lunaris","Kirchneriella","Sphaeropleales","Chlorophyceae"
"Kirchneriella obesa","Kirchneriella","Sphaeropleales","Chlorophyceae"
"Kirchneriella sp.","Kirchneriella","Sphaeropleales","Chlorophyceae"
"Kirchneriella subsolitaria","Nephrochlamys","Oocystales","Trebouxiophyceae"
"Koliella longiseta v. variabilis","Koliella","Chlorellales","Trebouxiophyceae"
"Koliella longiseta","Koliella","Chlorellales","Trebouxiophyceae"
"Koliella longiseta v. tenuis","Koliella","Chlorellales","Trebouxiophyceae"
"Koliella sp.","Koliella","Chlorellales","Trebouxiophyceae"
"Koliella/Monoraphidium sp.","Koliella","Chlorellales","Trebouxiophyceae"
"Komvophoron sp.","Komvophoron","Cyanobacteriales","Cyanobacteriia"
"Lagerheimia ciliata","Lagerheimia","Oocystales","Trebouxiophyceae"
"Lagerheimia genevensis","Lagerheimia","Oocystales","Trebouxiophyceae"
"Lagerheimiella longiseta","Lagerheimia","Oocystales","Trebouxiophyceae"
"Lagerheimia quadriseta","Lagerheimia","Oocystales","Trebouxiophyceae"
"Lagerheimia sp.","Lagerheimia","Oocystales","Trebouxiophyceae"
"Lagerheimia subsalsa","Lagerheimia","Oocystales","Trebouxiophyceae"
"Lagerheimiella genevensis","Lagerheimiella","Oocystales","Trebouxiophyceae"
"Lepocinclis sp.","Lepocinclis","Euglenida","Euglenoidea"
"Mallomonas","Mallomonas","Synurales","Chrysophyceae"
"Mallomonas sp.","Mallomonas","Synurales","Chrysophyceae"
"Melosira varians","Melosira","Melosirales","Bacillariophyceae"
"Meridion sp.","Meridion","Fragilariales","Bacillariophyceae"
"Merismopedia minima","Merismopedia","Cyanobacteriales","Cyanobacteriia"
"Merismopedia minima ","Merismopedia","Cyanobacteriales","Cyanobacteriia"
"Merismopedia punctata","Merismopedia","Synechococcales","Cyanobacteriia"
"Micractinium pusillum ","Micractinium","Chlorellales","Trebouxiophyceae"
"Microcystis flos aquae","Microcystis","Chroococcales","Cyanophyceae"
"Microcystis spp.","Microcystis","Chroococcales","Cyanophyceae"
"Microcystis botrys","Microcystis","Chroococcales","Cyanophyceae"
"Microcystis cf. smithii (colony)","Microcystis","Chroococcales","Cyanophyceae"
"Microcystis sp.","Microcystis","Chroococcales","Cyanophyceae"
"Microcystis/Anabaena spp. (unicell)","Microcystis","Chroococcales","Cyanophyceae"
"Microcystis cf. smithii (unicell)","Microcystis","Chroococcales","Cyanophyceae"
"Microcystis cf. smithii (cell pair)","Microcystis","Chroococcales","Cyanophyceae"
"Microcystis cf. protocystis","Microcystis","Chroococcales","Cyanophyceae"
"Microcystis wesenbergii","Microcystis","Chroococcales","Cyanophyceae"
"Microcystis viridis","Microcystis","Chroococcales","Cyanophyceae"
"Microcystis spp. (unicell)","Microcystis","Chroococcales","Cyanophyceae"
"Microcystis","Microcystis","Chroococcales","Cyanophyceae"
"Microcystis aeruginosa","Microcystis","Chroococcales","Cyanophyceae"
"Microcystis spp. (cell pair)","Microcystis","Chroococcales","Cyanophyceae"
"Microcystis/Anabaena spp. (cell pair)","Microcystis","Chroococcales","Cyanophyceae"
"microflagellate spp.",NA,"unid","unid"
"Misc. dinoflagellates",NA,"unid","Dinophyceae"
"Monomorphina sp.","Monomorphina","Euglenida","Euglenoidea"
"Monoraphidium arcuatum","Monoraphidium","Sphaeropleales","Chlorophyceae"
"Monoraphidium circinale","Monoraphidium","Sphaeropleales","Chlorophyceae"
"Monoraphidium contortum","Monoraphidium","Sphaeropleales","Chlorophyceae"
"Monoraphidium griffithii","Monoraphidium","Sphaeropleales","Chlorophyceae"
"Monoraphidium griffithi","Monoraphidium","Sphaeropleales","Chlorophyceae"
"Monoraphidium irregulare","Monoraphidium","Sphaeropleales","Chlorophyceae"
"Monoraphidium komarkovae","Monoraphidium","Sphaeropleales","Chlorophyceae"
"Monoraphidium minutum","Monoraphidium","Sphaeropleales","Chlorophyceae"
"Monoraphidium nanum","Monoraphidium","Sphaeropleales","Chlorophyceae"
"Monoraphidium sp.","Monoraphidium","Sphaeropleales","Chlorophyceae"
"Mucidosphaerium pulchellum","Mucidosphaerium","Chlorellales","Trebouxiophyceae"
"Mucidosphaerium sp.","Mucidospaerium","Onygenales","Eurotiomycetes"
"Mychonastes sp.","Mychonastes","Chlamydomonadales","Chlorophyceae"
"Navicula","Navicula","Naviculales","Bacillariophyceae"
"Navicula spp.","Navicula","Naviculales","Bacillariophyceae"
"Navicula sp.","Navicula","Naviculales","Bacillariophyceae"
"Nephrochlamys rostrata","Nephrochlamys","Oocystales","Trebouxiophyceae"
"Nephrochlamys subsolitaria","Nephrochlamys","Oocystales","Trebouxiophyceae"
"Nephrocytium agardhianum ","Nephrocytium","Oocystales","Trebouxiophyceae"
"Nephrocytium sp.","Nephrocytium","Oocystales","Trebouxiophyceae"
"Nitzschia acicularis","Nitzschia","Bacillariales","Bacillariophyceae"
"Nitzschia sigmoidea","Nitzschia","Bacillariales","Bacillariophyceae"
"Nitzschia","Nitzschia","Bacillariales","Bacillariophyceae"
"Nitzschia spp.","Nitzschia","Bacillariales","Bacillariophyceae"
"Nitzschia sp.","Nitzschia","Bacillariales","Bacillariophyceae"
"nostocalean filament sp.",NA,"Nostocales","Cyanophyceae"
"Ochromonas sp.","Ochromonas","Ochromonadales","Chrysophyceae"
"Oocystis","Oocystis","Oocystales","Trebouxiophyceae"
"Oocystis borgei","Oocystis","Oocystales","Trebouxiophyceae"
"Oocystis lacustris","Oocystis","Oocystales","Trebouxiophyceae"
"Oocystis parva","Oocystis","Oocystales","Trebouxiophyceae"
"Oocystis parva ","Oocystis","Oocystales","Trebouxiophyceae"
"Oocystis pusilla ","Oocystis","Oocystales","Trebouxiophyceae"
"Oocystis pusilla","Oocystis","Oocystales","Trebouxiophyceae"
"Oocystis solitaria","Oocystis","Oocystales","Trebouxiophyceae"
"Oocystis solitaria Whitrock","Oocystis","Oocystales","Trebouxiophyceae"
"Oocystis spp.","Oocystis","Oocystales","Trebouxiophyceae"
"Oocystis sp.","Oocystis","Oocystales","Trebouxiophyceae"
"Oscillatoriales","Oscillatoria","Cyanobacteriales","Cyanobacteriia"
"Oscillatoria sp.","Oscillatoria","Cyanobacteriales","Cyanobacteriia"
"Pandorina morum","Pandorina","Volvocales","Chlorophyceae"
"Pediastrum angulosum","Pediastrum","Sphaeropleales","Chlorophyceae"
"Pediastrum biradiatum","Parapediastrum","Sphaeropleales","Chlorophyceae"
"Pediastrum boryanum","Pseudopediastrum","Sphaeropleales","Chlorophyceae"
"Pseudopediastrum boryanum","Pseudopediastrum","Sphaeropleales","Chlorophyceae"
"Pediastrum duplex","Pediastrum","Sphaeropleales","Chlorophyceae"
"Pediastrum duplex gracilimum","Pediastrum","Sphaeropleales","Chlorophyceae"
"Pediastrum simplex","Monactinus","Sphaeropleales","Chlorophyceae"
"Pediastrum tetras","Stauridium","Sphaeropleales","Chlorophyceae"
"pennate diatom sp.",NA,"unid","Bacillariophyceae"
"Pennate diatoms(unid)",NA,"unid","Bacillariophyceae"
"Peridiniopsis sp.","Peridiniopsis","Peridiniales","Dinophyceae"
"Peridinium sp.","Peridinium","Peridiniales","Dinophyceae"
"Peridinium umbonatum","Parvodinium","Peridiniales","Dinophyceae"
"Phacotus sp.","Phacotus","Volvocales","Chlorophyceae"
"Phacus","Phacus","Euglenida","Euglenoidea"
"Phacus smulkowskianus","Phacus","Euglenida","Euglenoidea"
"Phacus sp.","Phacus","Euglenida","Euglenoidea"
"Phormidium sp.","Phormidium","Cyanobacteriales","Cyanobacteriia"
"Pinnularia sp.","Pinnularia","Naviculales","Bacillariophyceae"
"Plagioselmis nannoplanctica","Plagioselmis","Pyrenomonadales","Cryptophyceae"
"Planktolyngyba limnetica","Planktolyngbya","Leptolyngbyales","Cyanobacteriia"
"Planktolyngbya limnetica","Planktolyngbya","Leptolyngbyales","Cyanobacteriia"
"Planktolyngbya sp.","Planktolyngbya","Leptolyngbyales","Cyanobacteriia"
"Planktothrix agardhii","Planktothrix","Cyanobacteriales","Cyanobacteriia"
"Planktothrix agardhii ","Planktothrix","Cyanobacteriales","Cyanobacteriia"
"Planktothrix sp.","Planktothrix","Cyanobacteriales","Cyanobacteriia"
"Pseudanabaena","Pseudanabaena","Pseudanabaenales","Cyanobacteriia"
"Pseudanbaena mucicola","Pseudanabaena","Pseudanabaenales","Cyanobacteriia"
"Pseudanabaena mucicola","Pseudanabaena","Pseudanabaenales","Cyanobacteriia"
"Pseudanabaena sp.","Pseudanabaena","Pseudanabaenales","Cyanobacteriia"
"Pseudanbaena sp.",NA,"unid","Cyanophyceae"
"Pseudodidymocystis fina","Didymocystis","Oocystales","Trebouxiophyceae"
"Pseudodidymocystis planctonica","Pseudodidymocystis","Sphaeropleales","Chlorophyceae"
"Pseudodidymocystis sp.","Pseudodidymocystis","Sphaeropleales","Chlorophyceae"
"Pseudostaurastrum limneticum","Pseudostaurastrum","Eustigmatales","Eustigmatophyceae"
"Pseudostaurastrum sp.","Pseudostaurastrum","Eustigmatales","Eustigmatophyceae"
"Pseudostaurastum sp.",NA,"unid","unid"
"Quadricoccus ellipticus","Quadricoccus","Oocystales","Trebouxiophyceae"
"Quadrigula closterioides","Quadrigula","Sphaeropleales","Chlorophyceae"
"Rhodomonas minuta","Rhodomonas","Pyrenomonadales","Cryptophyceae"
"Rhodomonas lens","Rhodomonas","Pyrenomonadales","Cryptophyceae"
"Rhoicosphenia abbreviata","Rhoicosphenia","Cymbellales","Bacillariophyceae"
"Romeria","Romeria","Pseudanabaenales","Cyanophyceae"
"Scenedesmus arcuatus","Comasiella","Sphaeropleales","Chlorophyceae"
"Scenedesmus bijuga","Scenedesmus","Sphaeropleales","Chlorophyceae"
"Scenedesmus disciformis","Verrucodesmus","Sphaeropleales","Chlorophyceae"
"Scenedesmus ellipticus","Scenedesmus","Sphaeropleales","Chlorophyceae"
"Scenedesmus obtusus ","Scenedesmus","Sphaeropleales","Chlorophyceae"
"Scenedesmus cf. ovalternus","Scenedesmus","Sphaeropleales","Chlorophyceae"
"Scenedesmus quadricauda","Scenedesmus","Sphaeropleales","Chlorophyceae"
"Scenedesmus sempervirens","Desmodesmus","Sphaeropleales","Chlorophyceae"
"Scenedesmus spp.","Scenedesmus","Sphaeropleales","Chlorophyceae"
"Scenedesmus sp.","Scenedesmus","Sphaeropleales","Chlorophyceae"
"Scenedesmus verrucosus","Verrucodesmus","Sphaeropleales","Chlorophyceae"
"Schroederia setigera ","Schroederia","Sphaeropleales","Chlorophyceae"
"Schroederia setigera","Schroederia","Sphaeropleales","Chlorophyceae"
"Selenastrum bibraianum","Selenastrum","Sphaeropleales","Chlorophyceae"
"Selenastrum capricornutum ","Monoraphidium","Sphaeropleales","Chlorophyceae"
"Sellaphora sp.","Sellaphora","Naviculales","Bacillariophyceae"
"Snowella lacustris","Snowella","Synechococcales","Cyanobacteriia"
"Snowella litoralis","Snowella","Synechococcales","Cyanobacteriia"
"Snowella sp.","Snowella","Cyanobacteriales","Cyanobacteriia"
"Sorastrum americanum ","Sorastrum","Sphaeropleales","Chlorophyceae"
"Sphaerocystis schroeteri","Sphaerocystis","Tetrasporales","Chlorophyceae"
"Sphaerocystis schroeteri ","Sphaerocystis","Tetrasporales","Chlorophyceae"
"cf. Sphaerospermopsis aphanizomenoides","Sphaerospermopsis","Cyanobacteriales","Cyanobacteriia"
"Spirulina sp.","Spirulina","Cyanobacteriales","Cyanobacteriia"
"Staurastrum","Staurastrum","Zygnematales","Zygnematophyceae"
"Staurastrum sp.","Staurastrum","Zygnematales","Zygnematophyceae"
"Staurastrum tetracerum","Staurastrum","Zygnematales","Zygnematophyceae"
"Stauridium tetras","Stauridium","Sphaeropleales","Chlorophyceae"
"Stephanodiscus","Stephanodiscus","Thalassiosirales","Bacillariophyceae"
"Stephanodiscus niagarae","Stephanodiscus","Thalassiosirales","Bacillariophyceae"
"Stephanodiscus sp.","Stephanodiscus","Thalassiosirales","Bacillariophyceae"
"Strombomonas sp.","Strombomonas","Euglenida","Euglenoidea"
"Synechococcus sp.","Synechococcus","Synechococcales","Cyanobacteriia"
"Synechocystis sp.","Synechocystis","Cyanobacteriales","Cyanobacteriia"
"Synedra acus/ulna","Synedra","Fragilariales","Bacillariophyceae"
"Synedra sp.","Synedra","Fragilariales","Bacillariophyceae"
"Synedra ulna","Synedra","Fragilariales","Bacillariophyceae"
"Synura sp.","Synura","Synurales","Chrysophyceae"
"Tabellaria sp.","Tabellaria","Tabellariales","Bacillariophyceae"
"Tetrabaena socialis","Tetrabaena","Volvocales","Chlorophyceae"
"Tetraedron caudata","Tetraedron","Sphaeropleales","Chlorophyceae"
"Tetraedron caudatum","Tetraedron","Sphaeropleales","Chlorophyceae"
"Tetraedron muticum","Tetraedron","Sphaeropleales","Chlorophyceae"
"Tetraedron minimum","Tetraedron","Sphaeropleales","Chlorophyceae"
"Tetraëdron minimum","Tetraedron","Sphaeropleales","Chlorophyceae"
"Tetraedron sp.","Tetraedron","Sphaeropleales","Chlorophyceae"
"Tetraëdron trigonum","Tetraedron","Sphaeropleales","Chlorophyceae"
"Tetraedron trigonum ","Tetraedron","Sphaeropleales","Chlorophyceae"
"Tetraselmis cordiformis","Tetraselmis","Chlorodendrales","Prasinophyceae"
"Tetraspora sp.","Tetraspora","Chlamydomonadales","Chlorophyceae"
"Tetrastrum elegans","Tetrastrum","Sphaeropleales","Chlorophyceae"
"Tetrastrum glabrum","Tetrastrum","Sphaeropleales","Chlorophyceae"
"Tetrastrum glastrum","Tetrastrum","Sphaeropleales","Chlorophyceae"
"Tetrastrum heteracanthum","Tetrastrum","Sphaeropleales","Chlorophyceae"
"Tetrastrum staurogeniiforme","Tetrastrum","Sphaeropleales","Chlorophyceae"
"Tetrastrum staurogeniaeforme","Tetrastrum","Sphaeropleales","Chlorophyceae"
"Tetrastrum triangulare","Tetrastrum","Sphaeropleales","Chlorophyceae"
"Trachelomonas hispida","Trachelomonas","Euglenida","Euglenoidea"
"Trachelomonas sp.","Trachelomonas","Euglenida","Euglenoidea"
"Trachelomonas volvocina","Trachelomonas","Euglenida","Euglenoidea"
"Treubaria schmidlei","Treubaria","Chlamydomonadales","Chlorophyceae"
"Treubaria triappendiculata","Treubaria","Chlamydomonadales","Chlorophyceae"
"Unidentified centric chain","unid","unid","unid"
"unknown unicell, oval spp.","unid","unid","unid"
"Green spheres, solitary","unid","unid","unid"
"Unidentified coccoid","unid","unid","unid"
"unicell, sphere  5-7.5um spp.","unid","unid","unid"
"unknown flagellate sp.","unid","unid","unid"
"unknown unicell, sphere spp.","unid","unid","unid"
"Unid. Coccoids (<5µ)","unid","unid","unid"
"unknown unicell sp.","unid","unid","unid"
"unicell, sphere  2.5-5um spp.","unid","unid","unid"
"unknown flagellate spp.","unid","unid","unid"
"Westella botryoides","Westella","Sphaeropleales","Chlorophyceae"
"Woronichinia naegeliana","Woronichinia","Cyanobacteriales","Cyanobacteriia"
"Woronichinia naegeliana (unicell)","Woronichinia","Cyanobacteriales","Cyanobacteriia"
"Woronichinia naegeliana (cell pair)","Woronichinia","Cyanobacteriales","Cyanobacteriia"
"Woronichinia naegeliana (colony)","Woronichinia","Cyanobacteriales","Cyanobacteriia"
"Woronichinia sp.","Woronichinia","Cyanobacteriales","Cyanobacteriia"
"xanthophyte unicell sp.",NA,"unid","Xanthophyceae"
