class,order,genus,verbatim_name
Dinophyceae,Gonyaulacales,Ceratium,Ceratium sp
Bacillariophyceae,,,Pennate diatoms
Katablepharidea,Katablepharida,Kateblepharis,Kateblepharis ovalis
Chlorophyceae,Chlamydomonadales,Tetraspora,Tetraspra sp
Dinophyceae,,,Misc. dinoflagellates
NA,,,Colonial greens
NA,,,Green flagellate
Chlorophyceae,Sphaeropleales,Kirchneriella,Kirchneriella sp
Dinophyceae,,,centric diatom sp
Bacillariophyceae,,,pennate diatom sp
Chlorophyceae,,,chlorophyte  sp
Chlorophyceae,,,chlorophyte sp
Cyanophyceae,,,cyanophyte tetrad sp
Cyanophyceae,,,cyanophyte  sp
Cyanophyceae,,,cyanophyte sp
Cryptophyceae,,,cryptophyte sp
Cyanophyceae,,,Pseudanbaena sp
NA,,,microflagellate sp
Xanthophyceae,,,xanthophyte  sp
Trebouxiophyceae,Chlorellales,,Didymocystis sp
Euglenophyceae,,,euglenophyte sp
Bacillariophyceae,Achnanthales,Achnanthdium,Achnanthdium sp
Chlorophyceae,Sphaeropleales,Coenocystis,Coenocystis sp
Eurotiomycetes,Onygenales,Mucidospaerium,Mucidospaerium sp
Cyanophyceae,Nostocales,,nostocalean filament sp
Cyanophyceae,,,cyanophyte filament sp
Trebouxiophyceae,Chlorellales,Dictytospaerium,Dictytospaerium sp
NA,,,Pseudostaurastum sp
Chrysophyceae,,,chrysophyte sp
